{
  "description": "项目配置文件",
  "packOptions": {
    "ignore": []
  },
  "setting": {
    "urlCheck": true,
    "es6": true,
    "enhance": true,
    "postcss": true,
    "preloadBackgroundData": false,
    "minified": true,
    "newFeature": true,
    "coverView": true,
    "nodeModules": false,
    "autoAudits": false,
    "showShadowRootInWxmlPanel": true,
    "scopeDataCheck": false,
    "uglifyFileName": false,
    "checkInvalidKey": true,
    "checkSiteMap": true,
    "uploadWithSourceMap": true,
    "compileHotReLoad": false,
    "lazyloadPlaceholderEnable": false,
    "useMultiFrameRuntime": false,
    "useApiHook": false,
    "useApiHostProcess": false,
    "babelSetting": {
      "ignore": [],
      "disablePlugins": [],
      "outputPath": ""
    },
    "enableEngineNative": false,
    "useIsolateContext": true,
    "userConfirmedBundleSwitch": false,
    "packNpmManually": false,
    "packNpmRelationList": [],
    "minifyWXSS": true,
    "showES6CompileOption": false
  },
  "compileType": "miniprogram",
  "libVersion": "2.7.7",
  "appid": "touristappid",
  "projectname": "%E5%95%86%E5%9F%8E",
  "debugOptions": {
    "hidedInDevtools": []
  },
  "isGameTourist": false,
  "simulatorType": "wechat",
  "simulatorPluginLibVersion": {},
  "condition": {
    "search": {
      "list": []
    },
    "conversation": {
      "list": []
    },
    "plugin": {
      "list": []
    },
    "game": {
      "currentL": -1,
      "list": []
    },
    "miniprogram": {
      "list": [
        {
          "id": -1,
          "name": "分类页面",
          "pathName": "pages/category/index",
          "query": "",
          "scene": null
        },
        {
          "id": 1,
          "name": "商品列表",
          "pathName": "pages/goods_list/index",
          "query": "cid=5",
          "scene": null
        },
        {
          "id": -1,
          "name": "商品详情",
          "pathName": "pages/goods_detail/index",
          "query": "goods_id=43985",
          "scene": null
        },
        {
          "id": -1,
          "name": "购物车",
          "pathName": "pages/cart/index",
          "query": "",
          "scene": null
        },
        {
          "id": -1,
          "name": "支付",
          "pathName": "pages/pay/index",
          "query": "",
          "scene": null
        },
        {
          "id": -1,
          "name": "授权",
          "pathName": "pages/auth/index",
          "query": "",
          "scene": null
        },
        {
          "id": -1,
          "name": "登录页面",
          "pathName": "pages/login/index",
          "query": "",
          "scene": null
        },
        {
          "id": -1,
          "name": "个人中心",
          "pathName": "pages/user/index",
          "query": "",
          "scene": null
        },
        {
          "id": -1,
          "name": "订单查询",
          "pathName": "pages/order/index",
          "query": "type=1",
          "scene": null
        },
        {
          "id": -1,
          "name": "商品收藏",
          "pathName": "pages/collect/index",
          "query": "",
          "scene": null
        },
        {
          "id": 10,
          "name": "搜索中心",
          "pathName": "pages/search/index",
          "query": "",
          "scene": null
        },
        {
          "id": -1,
          "name": "意见反馈",
          "pathName": "pages/feedback/index",
          "query": "",
          "scene": null
        }
      ]
    }
  }
}